{
    "tasks_started": 9,
    "tasks_validated": 0,
    "tasks_failed": 0,
    "tokens_produced": 11221,
    "total_work_time_sec": 364.40859293937683,
    "average_time_per_task_sec": 40.489843659930756
}