{
    "tasks_started": 10,
    "tasks_validated": 1,
    "tasks_failed": 0,
    "tokens_produced": 13067,
    "total_work_time_sec": 486.3500409126282,
    "average_time_per_task_sec": 48.635004091262815
}